<?xml version='1.0' encoding='utf-8'?>
<!DOCTYPE hibernate-configuration PUBLIC
        "-//Hibernate/Hibernate Configuration DTD 3.0//EN"
        "http://hibernate.sourceforge.net/hibernate-configuration-3.0.dtd">

<hibernate-configuration>
	<session-factory>
		<property name="connection.driver_class">
			com.mysql.jdbc.Driver
		</property>
		<property name="connection.url">
			jdbc:mysql://localhost:3306/banking
		</property>
		<property name="connection.username">root</property>
		<property name="connection.password">password</property>
		<property name="connection.pool_size">1</property>
		<property name="dialect">
			org.hibernate.dialect.MySQLDialect
		</property>
		<property name="current_session_context_class">thread</property>
		<property name="cache.provider_class">
			org.hibernate.cache.NoCacheProvider
		</property>
		<property name="show_sql">true</property>
		<property name="hbm2ddl.auto">update</property>

		<property name="hibernate.transaction.factory_class">org.hibernate.transaction.JDBCTransactionFactory</property>



		<!-- Mapping class for Bank Details -->
		<mapping class="actionForm.Bank_Detail" />

		<!-- Mapping class for Different Logins -->
		<mapping class="actionForm.Admin_Login" />
		<mapping class="actionForm.Emp_Login" />
		<mapping class="actionForm.Client_Login" />


		<!-- Mapping class for Different Login Manager -->
		<mapping class="actionForm.Admin_LoginMan" />
		<mapping class="actionForm.Emp_LoginMan" />
		<mapping class="actionForm.Client_LoginMan" />


		<!-- Mapping class for Admin Actions -->
		<!-- Admin can change Employee & Client Password -->
		<mapping class="actionForm.Admin_ClientChPW" />
		<mapping class="actionForm.Admin_EmpChPW" />

		<!-- Admin can add new Employee -->
		<mapping class="actionForm.Admin_AddEmp" />

		<!-- Employee can add new Client -->
		<mapping class="actionForm.Emp_AddClient" />


		<!-- Mapping Class for Transactions Record -->
		<mapping class="actionForm.Emp_AddTrans" />

		<!-- Mapping Class for Client Records view -->
		<mapping class="actionForm.Client_View" />





	</session-factory>
</hibernate-configuration>